feedback_id,source,source_url,author,feedback_date,raw_text,initial_category,channel,status
69ffd77c63bb,reclameaqui_auto,https://www.reclameaqui.com.br/go-case/gocase-silicone-da-tampa-de-garrafa-caiu-e-bolsa-infantil-descosturou-sem-resolucao-do-pos-venda_1t48rZBkfJdTFCgO/,Consumidor RA,2026-01-28,"Gocase: Silicone da tampa de garrafa caiu e bolsa infantil descosturou, sem resolução do pós-venda. Pedido n: ***** que foi entregue dia 28/01/2026, abri reclamação sobre um silicone que vem na tampa e caiu, onde começo a vazar e nada foi resolvido. Como se não bastasse comprei também uma bolsa infantil que em menos de 3 meses começou a desfiar e descosturar, me decepcionei com a qualidade e pós venda da gocase.",reclamacao,complaint_site_auto,nao resolvida
925924ef447c,reclameaqui_auto,https://www.reclameaqui.com.br/go-case/produto-descosturado-apos-pouco-uso-frustracao-com-a-qualidade-prometida-e-preco-elevado_VVhMEnVd9u_SH3YX/,Consumidor RA,2026-04-22,"Produto descosturado após pouco uso, frustração com a qualidade prometida e preço elevado. Fiz uma compra na referida empresa, tendo recebido meu produto em 14.01.2026. Iniciei o uso no dia 02.02 para volta às aulas da faculdade. Foi eu terminar de pagar no mês passado que o produto começou a apresentar defeito, mesmo seguindo conforme as especificações. O produto veio a descosturar conforme a imagem. É frustrante e revoltante, pois não é um produto barato, compramos pensando em qualidade e quebramos a cara. Tentei verificar o que poderia ser feito, nem que fosse para eles costurarem de volta e me devolvessem, eu só queria a qualidade que me foi prometida!",reclamacao,complaint_site_auto,nao resolvida
d0877fbf19c8,reclameaqui_auto,https://www.reclameaqui.com.br/go-case/capinha-bold-magsafe-matte-com-cor-diferente-e-recusa-de-devolucao_B8EGvMY3a3yZHNB0/,Consumidor RA,2026-04-22,Capinha Bold Magsafe Matte com Cor Diferente e Recusa de Devolução Adquiri uma Capinha Bold Magsafe Matte no site. Assim que recebi a mercadoria percebi que a cor estava diferente. Entrei em contato de imediato para fazer a devolução. Realizei o protocolo devolução e foi dado um prazo para entrar em contato comigo. Me enviaram uma mensagem dizendo que a cor da capinha está correta. Não quero o produto. A minha intenção desde o primeiro dia que entrei em contato e fazer a devolução e ter o valor reembolsado.,reclamacao,complaint_site_auto,nao resolvida
60cf7a16c316,reclameaqui_auto,https://www.reclameaqui.com.br/go-case/dificuldade-em-abrir-copo-da-gocase-presenteado-resultando-em-impossibilidade-de-uso_niSjofl-ZhFo-CQD/,Consumidor RA,2026-04-22,"Dificuldade em abrir copo da Gocase presenteado, resultando em impossibilidade de uso Ganhei de presente um copo da gocase, mas desde o início estava com dificuldade de abrir o copo para encher, e isso continuou acontecendo, até que chegou um dia e eu não consegui abrir mais, já tentei de tudo e não abre.",reclamacao,complaint_site_auto,nao resolvida
b7ac30ab4f30,reclameaqui_auto,https://www.reclameaqui.com.br/go-case/gocase-segunda-compra-da-capa-bold-megasafe-com-defeito-e-copo-quebrado_ntKbCt4l3OlTOlJ1/,Consumidor RA,2026-04-22,"GoCase: Segunda compra da Capa Bold Megasafe com defeito e copo quebrado quero registrar aqui minha imensa insatisfação com a GoCase! já é a segunda vez que eu e meu marido compramos a Capa Bold Megasafe e pela segunda vez, a capa preta veio sem o megasafe. na primeira vez tentei abrir um protocolo e tiveram a cara de pau de falar que não havia problemas com o produto, pois bem, devolvemos e compramos novamente e para nossa infeliz surpresa, novamente o MESMO PROBLEMA. por aqui não tenho como enviar vídeo, mas podem entrar em contato e eu quero ver agora alguém dizer que está ótima a capa! é lamentável sabe, porque a gente cria uma expectativa do produto chegar para usar e chega assim. agora tem que aguardar a boa vontade de verem o caso, aceitarem, enviarem o código de postagem, receberem e aí sim enviarem outra, um tempo e um transtorno com essa empresa! número do pedido é o pedido:*****. aproveitando gostaria de registrar também um pedido que fiz tem um tempo já (no meu cpf) de um copo que um tempo depois começou a simplesmente vazar, eu não reclamei pq já tinham passado alguns meses, mas é lamentável sabe, a gente paga caro e tem essa decepção. infelizmente tive meu dinheiro e meu copo jogados no lixo!",reclamacao,complaint_site_auto,nao resolvida
70f7c0c1b694,reclameaqui_auto,https://www.reclameaqui.com.br/go-case/mala-gocase_VnYGbg52VXRqRpJz/,Consumidor RA,2026-04-22,"Mala Gocase Comprei uma mala no dia 09/02/26 assim que a recebi em 27/02/26, guardei com todo cuidado e só vim utilizá-lo em 18/04 (primeiro uso), só que a tinta da mala saiu , mesmo eu tendo todo o cuidado com o produto, vale salientar que um produto com valor de R$ 350,00 , não seria descartável. No dia 21/04, entrei em contato com a Central da Gocase e por minha surpresa, informaram que foi o mal uso da mala e não defeito da pintura! Isso é um absurdo, visto o meu histórico de compra, sem reclamações. Percebi que não tem nenhum cuidado e muito menos respeito com o cliente. Quero que a loja me dê no mínimo uma posição respeitosa, visto meu histórico com a mesma. Não gostei da postura e do julgamento do atendimento. Absurdo! Quero que o produto que eu comprei e que não foi barato, seja consertado.",reclamacao,complaint_site_auto,nao resolvida
148ffa012ad7,reclameaqui_auto,https://www.reclameaqui.com.br/go-case/reembolso-nao-recebido-apos-dois-meses-de-solicitacao-aceita_8TXtcOxmKS0lYhOh/,Consumidor RA,2026-04-22,Reembolso não recebido após dois meses de solicitação aceita Fiz uma compra e não gostei solicitei reembolso que foi aceito e ja fazem mais de dois meses. Até agora não recebi o meu dinheiro o reembolso diz que está em processamento e nunca recebo,reclamacao,complaint_site_auto,nao resolvida
e38697a04b1b,reclameaqui_auto,https://www.reclameaqui.com.br/go-case/brinde-incompativel-com-produto-adquirido-e-recusa-de-troca-pela-gocase_3qEZ2lLs2X2qIe73/,Consumidor RA,2026-04-22,"Brinde Incompatível com Produto Adquirido e Recusa de Troca pela Gocase Brinde incompatível com produto adquirido recusa indevida de troca Realizei uma compra no site da Gocase, onde adquiri dois copos tamanho P. Durante a compra, foi informado que eu receberia duas bases de apoio como brinde. No entanto, ao receber o pedido, constatei que as bases enviadas são tamanho M, ou seja, incompatíveis com os copos adquiridos (tamanho P), o que torna o brinde completamente inutilizável. Entrei em contato com a empresa solicitando a troca das bases por modelos compatíveis, porém fui informada de que, por se tratar de brinde, não haveria direito à troca. Considero essa resposta totalmente inadequada, uma vez que o brinde faz parte da oferta e não pode ser enviado de forma incompatível com o produto principal. De acordo com o Código de Defesa do Consumidor, o produto ofertado deve atender à sua finalidade e não pode gerar prejuízo ou frustração ao consumidor. Não estou solicitando nada além do razoável: apenas a substituição por um item que seja compatível com o produto que comprei. Solicito a resolução do problema com o envio das bases no tamanho correto (P), ou outra solução adequada. Aguardo retorno com uma solução justa.",reclamacao,complaint_site_auto,nao resolvida
08e5a911addc,reclameaqui_auto,https://www.reclameaqui.com.br/go-case/garrafa-personalizada-com-acabamento-diferente-do-anunciado-configurando-propaganda-enganosa_7cqWonRo8sv39Ose/,Consumidor RA,2026-04-22,"Garrafa personalizada com acabamento diferente do anunciado, configurando propaganda enganosa. Comprei uma garrafa personalizada da Gocase confiando na qualidade que sempre conheci da marca, inclusive baseada em compras anteriores que fiz e que eram excelentes. No site, as imagens do produto mostram claramente uma garrafa com acabamento brilhante, com verniz e os desenhos em destaque, exatamente como eram os produtos antigos que eu já havia comprado. Foi justamente essa apresentação que me levou à compra. Porém, quando recebi minha garrafa, fiquei extremamente frustrada e decepcionada. O produto entregue é totalmente diferente da imagem anunciada: o acabamento agora é fosco, sem verniz, com aparência apagada e sem o destaque visual que o produto demonstrava nas fotos. A garrafa perdeu completamente o charme e a qualidade visual que justificavam a compra. Entrei em contato solicitando a troca, pois o produto recebido não corresponde ao que foi anunciado. A resposta que recebi foi que a empresa mudou suas diretrizes internas e que agora não utiliza mais verniz, alegando que isso seria um acabamento mais sofisticado. No entanto, essa informação não está clara no momento da compra e, pior, as fotos no site continuam mostrando o modelo antigo com acabamento brilhante. Ou seja, o consumidor compra esperando um produto e recebe outro completamente diferente. Isso configura propaganda enganosa, pois a apresentação visual influencia diretamente na decisão de compra. Se houve alteração no padrão de fabricação, o mínimo esperado seria a atualização das imagens e a informação clara ao consumidor antes da finalização da compra. Além disso, precisei recorrer ao Reclame Aqui porque na solicitação anterior não tive espaço adequado para réplica e a empresa simplesmente encerrou a situação com uma justificativa que não resolve o problema. Estou profundamente desapontada com a postura da marca, principalmente por já ter sido cliente e confiar na qualidade que eles entregavam antes. Quero uma solução justa, seja a troca por um produto realmente correspondente ao anunciado ou a devolução do valor pago.",reclamacao,complaint_site_auto,nao resolvida
a181558b44a8,reclameaqui_auto,https://www.reclameaqui.com.br/go-case/tampa-rachada-e-amassado-na-base-de-garrafa-fresh-impossibilitando-o-uso-e-descaso-da-empresa-em-resolver-o-problema_4UnIQI4yLzNEWUI6/,Consumidor RA,2026-03-30,"Tampa rachada e amassado na base de garrafa Fresh, impossibilitando o uso e descaso da empresa em resolver o problema. Estou morando em Salvador e comprei uma garrafa do modelo Fresh para ser entregue em João Pessoa. Fiz a compra no dia 30/03/2026 e ela chegou em João Pessoa no dia 06/04/2026. A entrega foi feita em mãos pela portaria e o pacote estava sem nenhum tipo de prejuízo aparente ou sinais de abertura. Cheguei em João Pessoa no dia 17/04/2026 e abri o pacote para ver minha garrafa. Porém, o item está com a tampa rachada e dá pra notar logo que abri o pacote. Abri a garrafa para ver a extensão da rachadura e vi que atinge a tampa inteira, impossibilitando o uso sem que ocorra o vazamento da água. Além disso notei um pequeno amassado na base da garrafa que eu estava disposta a ignorar caso não houvesse o problema na tampa. Entrei em contato com o whatsapp da Gocase para pedir um direcionamento e me informaram que era um problema causado pelo uso, mas eu NUNCA USEI A GARRAFA. Estou realmente desapontada pois estava ansiosa para usar a garrafa e tinha recebido ótimas indicações dos produtos da Gocase mas infelizmente estou decepcionada. Minha garrafa foi personalizada com meu nome e com a imagem ""Ó Maria rogai por nós"". E recebi de brinde a base azul claro. Gostaria de uma resposta quanto ao problema.",reclamacao,complaint_site_auto,nao resolvida
72c038dc61af,reclameaqui_auto,https://www.reclameaqui.com.br/go-case/recebimento-parcial-de-pedido-falta-de-mala-e-dificuldade-de-contato-com-a-gocase_RZ-KoKjFfifocz5w/,Consumidor RA,2026-04-22,"Recebimento Parcial de Pedido - Falta de Mala e Dificuldade de Contato com a Gocase Fiz uma compra na gocase e recebí o pedido parcial, não consigo falar com vendedor todas as mensagens são automáticas, já fui na transportadora e eles falaram que receberam o pedido assim, o número do pedido é um só porém em duas caixas, no entanto só recebí uma caixa, faltando uma mala.",reclamacao,complaint_site_auto,nao resolvida
df9c2e2ddfec,reclameaqui_auto,https://www.reclameaqui.com.br/go-case/esta-vazando-muito_7lhq_PbGBRknhHhE/,Consumidor RA,2026-04-22,"Está vazando muito Fiz uma conta de um copo térmico life em novembro de 2025, aparentemente estava tudo ok, mas sempre que deixa o copo no carro, a água retornava por cima e molhava tudo, parei de deixar mas continua vazando água em qualquer lugar, inclusive se eu virar, ela vaza pelo bico do canudo. Também está com umas manchas de molhada na garrafa, como se tivesse vazado pelo parte interna da garrafa. Não foi barata pra já está com defeito, gostaria de uma solução. Ela tá soltando os desenhos sozinho!",reclamacao,complaint_site_auto,nao resolvida
4c736d4d9e4f,reclameaqui_auto,https://www.reclameaqui.com.br/go-case/recusa-de-devolucao-de-capinhas-de-celular-sob-alegacao-de-personalizacao-indevida_JVcRKIVDlk_nt6oS/,Consumidor RA,2026-04-22,"Recusa de devolução de capinhas de celular sob alegação de personalização indevida Realizei a compra de 2 capinhas online junto à empresa Gocase e solicitei a devolução dentro do prazo legal de 7 dias previsto no art. 49 do Código de Defesa do Consumidor (direito de arrependimento), tendo em vista que os produtos não se ajustaram corretamente ao modelo do meu celular. A empresa recusou a solicitação sob a alegação de que se trata de produto personalizado. No entanto, tal justificativa não procede, uma vez que o item adquirido não possui qualquer personalização individualizada (como nome, foto ou arte exclusiva enviada por mim), tratando-se apenas de um produto padronizado, com escolha de modelo e tipo, conforme disponibilizado no próprio site da empresa. Dessa forma, não há impedimento para sua revenda, não se aplicando a restrição alegada pela empresa. Informo ainda que já foi aberto protocolo diretamente com a empresa, o qual foi negado. Diante do exposto, solicito o cancelamento da compra, com a devolução integral dos valores pagos, incluindo frete, conforme determina a legislação vigente. Número do protocolo: *****",reclamacao,complaint_site_auto,nao resolvida
58458ce568b1,reclameaqui_auto,https://www.reclameaqui.com.br/go-case/gocase-descaso-com-o-cliente_NhbHkEXefmhziT3d/,Consumidor RA,2026-04-22,"Gocase: Descaso com o cliente. Na Sexta feira dia 17/4 fiz a compra de uma capinha para o meu celular, nesse dia mesmo eu já havia recebido uma mensagem falando sobre um brinde. Eu já ia comprar de qualquer maneira, mas me interessei bastante pelo brinde tb. Fiz a compra, passei o cartão, e quando coloquei o Cupom do brinde, esse disse ter expirado, na minha mensagem havia outro cupom, coloquei e apareceram dois brindes, conforme print anexado. Terminei a compra, e quando fui conferir, não havia sido colocado os brindes, estava constando apenas a capinha, tentei voltar a página, colocar o cupom novamente e eles apareciam, porém não eram adicionados no final da compra. Liguei para o Sac (protocolo #*****) conversei com a Aurilene, passei o número do pedido, ela olhou no sistema e não constavam os brindes, pediu que eu enviasse um print da tela onde constavam os brindes, mandei, ela verificou e me disse que havia expirado a promoção, argumentei que não poderia ter sido expirado se ainda aparecia para mim como válido, ela disse que eu não havia inserido o cupom, falei que sim, eu havia inserido e mandei outro print da tela, ela voltou com a seguinte resposta: que deveria ter havido uma FALHA NO SISTEMA, e não validou por isso. Comentei que isso não era justo, pois se fosse isso realmente, eu fiz minha parte, se o sistema errou, eu deveria ter o que constava na página, ela me disse que não, que a empresa é muito RIGOROSA com relação aos brindes e promoções e que a tecnologia às vezes NOS PREGAM PEÇAS! Insisti e ela me mandou um recado pré feito dizendo que nas minhas ""PRÓXIMAS COMPRINHAS"" eu poderia usar um cupom X para ter descontos. Isso tudo eu sendo cliente há muito tempo, ja tendo comprado muitas capinhas lá etc. Achei todo procedimento um descaso com o cliente, que obviamente eles poderiam ter resolvido de outra forma.",reclamacao,complaint_site_auto,nao resolvida
f08ee261ca99,reclameaqui_auto,https://www.reclameaqui.com.br/go-case/ma-qualidade_YP28Q2GVW_RirQht/,Consumidor RA,2026-04-22,"Ma qualidade Para abrir um protocolo p ir p a perícia a bolsa é uma burocracia imensa, comprei meu produto pro cpf, mas na encontram no sistema. Difícil viu, não recomendo p ninguém. Realizei a compra da minha bolsa tot no mês de 05/2025, na tem nem um ano a bolsa e já rasgou :( Gostaria de uma ajuda em relação a isso, pois é a bolsa q uso p trabalhar",reclamacao,complaint_site_auto,nao resolvida
d77945b0e341,reclameaqui_auto,https://www.reclameaqui.com.br/go-case/produto-danificado-e-solicitacao-de-reembolso-apos-recebimento_xkuzF56Q7Fn5feMn/,Consumidor RA,2026-04-22,"Produto danificado e solicitação de reembolso após recebimento Fiz uma compra com essa empresa, recebi a mercadoria dia 20/04 e ao abrir, percebi que o produto veio danificado . Quero meu reembolso. Pela lei artigo 49 posso desistir da compra então quero meu caso solucionado",reclamacao,complaint_site_auto,nao resolvida
1a6bee76ce8b,reclameaqui_auto,https://www.reclameaqui.com.br/go-case/bolsa-moove-com-defeito-de-fabricacao-descolamento-e-alca-prestes-a-rasgar__Q0zmSLRGTHilLi7/,Consumidor RA,2026-04-22,Bolsa Moove com defeito de fabricação: descolamento e alça prestes a rasgar. Fiz uma compra no dia 29/01 de uma bolsa moove e ela já está descolando a personalização e a alça está preste a rasgar. Ela nunca foi lavada em máquina sempre na mão e uso o peso conforme orientação do fabricante. E foi um produto que criei grandes expectativas e gostaria de um retorno da loja .,reclamacao,complaint_site_auto,nao resolvida
a07bc9c79ebe,reclameaqui_auto,https://www.reclameaqui.com.br/go-case/bolsa-tote-puffer-descosturou-bolsos-internos-com-menos-de-1-ano-de-uso-descumprindo-expectativa-de-qualidade-da-marca_AXD9PaZ_6sNb9bgF/,Consumidor RA,2026-04-22,"Bolsa tote puffer descosturou bolsos internos com menos de 1 ano de uso, descumprindo expectativa de qualidade da marca. Sou cliente da marca desde abril do ano passado pós acreditava ser produtos de boa qualidade inclusive tendo indicado para amigas e comprado presentes para meus familiares da marca. Entretanto meu primeiro produto comprado há um ano, uma bolsa tote puffer, descosturou três bolsos internos, sendo que em um deles carrego apenas meu tablet que que não tem nada como chaves ou canetas que poderiam enganchar na costura e justificar o dano. Entrei em contato para ver a respeito da garantia e vi que são só 90 dias contra defeito de fabricação. Me senti muito prejudicada pois a bolsa que eu acreditava ser de excelente qualidade apresentou danos com menos de 1 ano de uso, mais cedo do que bolsas inferiores minhas. Fiquei muito decepcionada e vou pensar duas vezes agora antes de indicar a marca ou comprar lá novamente.",reclamacao,complaint_site_auto,nao resolvida
a45704daef8b,reclameaqui_auto,https://www.reclameaqui.com.br/go-case/bolsa-gocase-apresenta-defeito-recorrente-na-alca-mesmo-apos-troca-do-produto-e-cliente-solicita-reembolso-ou-substituicao_yI2qVuiHy85SL3jE/,Consumidor RA,2026-04-22,"Bolsa Gocase apresenta defeito recorrente na alça, mesmo após troca do produto, e cliente solicita reembolso ou substituição. Comprei uma bolsa da Gocase em agosto de 2025 (modelo: Bolsa Joy Pro - Manuscrita, pedido n *****) e, já no primeiro dia de uso, a alça quebrou. Entrei em contato com a empresa e, na ocasião, foi realizada a troca do produto, sob o protocolo n *****. No entanto, após aproximadamente 5 meses de uso da nova bolsa, uma das alças voltou a quebrar. Para minha surpresa e indignação, hoje a outra alça também quebrou, tornando o produto completamente inutilizável. Ressalto que o uso da bolsa sempre foi normal, sem excesso de peso ou mau uso, o que torna a situação ainda mais preocupante quanto à qualidade e durabilidade do produto. É inaceitável que um item apresente o mesmo defeito recorrente, inclusive após troca, evidenciando claramente um vício de qualidade. Diante disso, solicito uma solução definitiva, podendo ser: * Reembolso do valor pago; ou * Substituição por um produto de qualidade comprovadamente superior. Caso não haja resolução, irei buscar meus direitos junto aos órgãos de defesa do consumidor. Aguardo retorno com urgência.",reclamacao,complaint_site_auto,nao resolvida
7f813475645c,reclameaqui_auto,https://www.reclameaqui.com.br/go-case/garrafa-termica-go-case-com-vazamento-apos-2-meses-de-uso-e-negativa-de-troca_s0Hhe3YTW63-7Do9/,Consumidor RA,2026-04-22,"Garrafa Térmica Go Case com Vazamento Após 2 Meses de Uso e Negativa de Troca Comprei uma garrafa térmica Go case e com 2 meses de uso começou a vazar muito. Abri suporte para troca, já que tem garantia, mas falaram que esse vazamento é decorrente de uso. Lamentável para uma garrafa com tantas referências por durabilidade estar agora proporcionado este tipo de experiência aos clientes e ainda negando troca. Nao recomendo a Gocase.",reclamacao,complaint_site_auto,nao resolvida
923e11399bbb,reclameaqui_auto,https://www.reclameaqui.com.br/go-case/problema-com-tampa-de-copo-gocase-vicio-oculto-e-recusa-de-garantia_Wpw-a4UbrJDFzJOc/,Consumidor RA,2026-03-16,"Problema com tampa de copo Gocase: vício oculto e recusa de garantia Comprei um copo modelo Life da Gocase (pedido n *****) e, após um tempo de uso, identifiquei um problema na tampa: ela não desmonta, diferente do esperado e de outros produtos iguais. Esse defeito só apareceu quando tentei desmontar para higienizar, ou seja, trata-se de um vício oculto. O problema impede a higienização adequada da tampa, pois há acúmulo de sujeira em uma parte que não pode ser acessada, o que torna o uso do produto inadequado e potencialmente prejudicial à saúde. A empresa alega que minha garantia acabou dia 16/03/2026, mas desde o dia 14/03/2026 tento resolver a situação diretamente com a empresa. Inclusive, por erros na própria plataforma para abertura de solicitação, o que atrasou ainda mais o atendimento. Segue a mensagem de erro: Houve um erro na criação do seu protocolo, por favor tente novamente mais tarde! Quando finalmente consegui contato, a empresa se recusou a realizar a substituição sem custo, alegando que o produto estaria fora da garantia e que a troca só seria possível mediante pagamento de R$15,00. Além disso, informaram que sequer possuem a peça disponível no momento, com previsão apenas para Agosto. A justificativa não faz sentido, pois se trata de vício oculto, cujo prazo para reclamação começa a contar a partir do momento em que o defeito é identificado, e não da data da compra. Além disso, o produto se tornou inadequado para uso, o que reforça a responsabilidade da empresa na solução do problema sem custos ao consumidor. Estou tentando resolver de forma amigável, mas até agora não tive suporte adequado. Nesse sentido, solicito o cumprimento do Código de Defesa do Consumidor: Após a reclamação, as empresas devem resolver o problema em um prazo máximo de 30 dias, como estabelece o art. 18, parágrafo 1. Se o tempo não for respeitado, os clientes podem: Escolher pela substituição do produto por outro da mesma espécie, em perfeitas condições; Receber de volta o valor pago pelo produto; Optar pelo abatimento proporcional do preço em alguma compra na mesma loja. Aguardo um posicionamento e resolução do problema.",reclamacao,complaint_site_auto,nao resolvida
c33c07af366d,reclameaqui_auto,https://www.reclameaqui.com.br/go-case/mala-voyage-com-cheiro-forte-de-borracha-empresa-se-recusa-a-trocar-ou-devolver-o-valor-e-ignora-contatos_7CfzLnheJ7cspKcL/,Consumidor RA,2026-04-22,"Mala Voyage com cheiro forte de borracha: empresa se recusa a trocar ou devolver o valor e ignora contatos. Estou a meses tentando resolver uma situação com a empresa, comprei uma mala Voyage que veio com um cheio muito forte de borracha que impossibilita 100% o uso do produto, o que caracteriza um defeito oculto, já entrei em contato com a empresa que no primeiro contato se recusou a fazer a troca ou a devolução doa valores, já fiz inumeras tentarivas de contato, fiz outra reclamação no reclame aqui e entraram ek contato por email, respondi que gostaria da retirada do produto e após isso nunca mais consegui nenhum retorno, no sac falam que Não podem fazer nada, por email não me respondem mais, eu tive que comprar outra mala para viajar pois essa é impossível ser utilizada por conta do cheiro. Sigo aguardando um retorno a meses e a foi feito. Um total descaso. #***** Mala Voyage Esse é o número do pedido. Os emails sem resposta.",reclamacao,complaint_site_auto,nao resolvida
5d2c5b3fdc76,reclameaqui_auto,https://www.reclameaqui.com.br/go-case/propaganda-enganosa-e-produto-com-defeito-garrafa-termica-nao-mantem-temperatura_kboNDa7lVnxaQB-Y/,Consumidor RA,2026-04-22,"Propaganda Enganosa e Produto com Defeito: Garrafa Térmica Não Mantém Temperatura comprei uma bolsa e uma garrafa na gocase e na propaganda da garrafa dizia que mantinha 48 Horas gelada e a minha não está mantendo nem 4 horas. Fiz o teste que eles pediram para confirma que está com defeito, e foi confirmado por eles mesmo que não está normal,precisam resolver isso. Garrafa cara dessa, e fizeram propaganda enganosa.",reclamacao,complaint_site_auto,nao resolvida
1172791dd933,reclameaqui_auto,https://www.reclameaqui.com.br/go-case/bolsa-com-metais-enferrujando-apos-menos-de-seis-meses-de-uso-comprado-na-tiktok-shop_KK-vzU7Xj5WfFp8B/,Consumidor RA,2026-04-22,"Bolsa com metais enferrujando após menos de seis meses de uso comprado na TikTok Shop Olá! Tudo bem? Gostaria de registrar uma reclamação sobre um produto que comprei na loja de vocês pela TikTok Shop. Número do pedido: ***** A compra foi feita em novembro e, com menos de seis meses de uso, a bolsa já está com os metais enferrujando. É um desgaste muito precoce, considerando o tempo de uso e o tipo de produto. Sempre tive interesse na marca e, por isso, essa situação acabou sendo bem frustrante. Gostaria de saber como vocês podem resolver esse problema, pois não considero normal esse tipo de defeito em tão pouco tempo. Aguardo retorno, por favor.",reclamacao,complaint_site_auto,nao resolvida
dd5e1dbcb3f2,reclameaqui_auto,https://www.reclameaqui.com.br/go-case/mochila-gocase-com-ziper-estragado_bZQ7Z4T4HLvbrDAd/,Consumidor RA,2026-03-01,"Mochila Gocase com ziper estragado. Prezados(as), Adquiri uma mochila da marca Gocase em 01/03/2026, conforme nota fiscal. O produto foi adquirido com base na proposta de qualidade e funcionalidade, especialmente para transporte de notebook. No entanto, a mochila foi utilizada pela primeira vez apenas em 06/04/2026, durante uma viagem internacional, e já no primeiro dia de uso apresentou defeito no fecho do compartimento destinado ao notebook, tornando-o inadequado para sua principal finalidade. Fiquei bastante constrangida, pois se tratava de um presente e foi desagradável ver o produto apresentar problema tão rapidamente, ainda mais em um momento de uso tão importante. Ressalto que se trata de um produto de valor elevado e com pouquíssimo uso, o que torna o problema ainda mais preocupante. Diante disso, solicito a devida solução, seja por meio de troca, reparo ou reembolso, conforme previsto no Código de Defesa do Consumidor. Aguardo retorno com orientações para resolução do caso. Atenciosamente, ***** *****",reclamacao,complaint_site_auto,nao resolvida
5591e7140dcc,reclameaqui_auto,https://www.reclameaqui.com.br/go-case/marketing-enganoso-e-ma-qualidade-de-produtos-da-gocase-notebook-nao-cabe-na-tote-e-capinhas-descascam_rkCdmC4jCfNOZeEu/,Consumidor RA,2026-04-22,"Marketing enganoso e má qualidade de produtos da Gocase: Notebook não cabe na Tote e capinhas descascam O marketing da Gocase não condiz com os produtos que entrega! Por n vezes assisti anúncios que diziam que cabe tudo na Tote - Daily, tudo muito convicente, até que comprei no fim do ano passado e percebi que meu notebook não cabe dentro da parte destinada a ele. Qualquer mochila simples cumpre melhor a função de proteger o computador do que essa bolsa. Eu até tinha aceitado, mas agora, após pouco tempo usando as capinhas da marca elas começaram a descascar, problema que eu nunca tive antes até com capinhas mais baratas. Com base na minha experiência eu diria que são produtos de péssima qualidade, promovidos por um marketing muito bom, feito por blogueiras de ótima aparência e boa oratória!!!",reclamacao,complaint_site_auto,nao resolvida
bd48ff94d5ae,reclameaqui_auto,https://www.reclameaqui.com.br/go-case/garrafa-termica-com-defeito-de-vazamento-apos-alguns-meses-de-uso_EC4KAOQYVQxIN9B0/,Consumidor RA,2026-04-22,"Garrafa térmica com defeito de vazamento após alguns meses de uso Olá! Comprei uma garrafa térmica com vocês pelo pedido n *****, no valor de quase R$ 200, e após alguns meses de uso ela começou a apresentar vazamento tanto pela tampa quanto pela parte inferior. Trata-se de um defeito oculto, já que o problema surgiu com o uso e compromete completamente a funcionalidade do produto. Considerando o valor pago e a expectativa de durabilidade, esse tipo de falha não é aceitável. Tenho fotos comprovando o defeito. Gostaria de uma solução, como troca ou reembolso, conforme previsto no Código de Defesa do Consumidor. Aguardo retorno.",reclamacao,complaint_site_auto,nao resolvida
438f87ac3e8d,reclameaqui_auto,https://www.reclameaqui.com.br/go-case/gocase-nao-responde-apos-devolucao-de-mochila-errada-cliente-solicita-estorno-por-desacordo-comercial_6FNaCZAnjMOZxg2n/,Consumidor RA,2026-04-22,"Gocase não responde após devolução de mochila errada, cliente solicita estorno por desacordo comercial. Fiz a devolução da mochila que veio errada. Mandei comprovante de postagem mas a Gocase não respondeu mais as minhas solicitações. Nesse caso vou solicitar estorno do cartão por desacordo comercial. A empresa não tem compromisso com o cliente. Decepcionada!",reclamacao,complaint_site_auto,nao resolvida
82c810dd3b65,reclameaqui_auto,https://www.reclameaqui.com.br/go-case/garrafa-flip-pro-com-tampa-quebrada-e-sem-peca-de-reposicao_9t94HoQ19hmMnJ3R/,Consumidor RA,2026-04-22,"Garrafa flip pro com tampa quebrada e sem peça de reposição Comprei uma garrafa flip pro, com pouco tempo de uso a tampa quebrou após uma queda de pouca altura (meu filho esbarrou e ela caiu). A garrafa é ótima. O canudo é muito bom de usar. Porém estou sem a tampa e sem poder usar pois não tem peça de reposição.",reclamacao,complaint_site_auto,nao resolvida
7c136734a1b3,reclameaqui_auto,https://www.reclameaqui.com.br/go-case/bolsa-tote-puff-da-gocase-rasga-em-menos-de-um-mes-de-uso-consumidor-se-sente-e-exige-substituicao-ou-devolucao-do-valor-pago_Oq2OKadLdqV1bfh4/,Consumidor RA,2026-04-22,"Bolsa Tote Puff da Gocase rasga em menos de um mês de uso, consumidor se sente [Editado pelo Reclame Aqui] e exige substituição ou devolução do valor pago. No dia 02/03, realizei a compra de uma Bolsa Tote Puff da Gocase. Escolhi a marca pela confiança que depositava no design e, teoricamente, na durabilidade dos produtos, justificando o valor considerável investido no item. No entanto, minha experiência tem sido de total decepção. Com menos de um mês de uso regular, a bolsa já apresenta rasgos no material. É inadmissível que um produto com um ""valor exorbitante"" apresente uma fragilidade tão grande em um curtíssimo espaço de tempo. O material, que deveria ser resistente para o dia a dia, demonstrou ser de qualidade muito inferior àquela propagada pela marca. Como consumidora, me sinto [Editado pelo Reclame Aqui]. Comprei um produto acreditando em sua longevidade e recebi um item com vício de qualidade evidente. O desgaste não condiz com o tempo de uso, caracterizando um produto descartável vendido a preço de artigo de luxo.Exijo uma posição da Gocase sobre o ocorrido. Espero a substituição do produto por um novo (que realmente apresente a qualidade esperada) ou a devolução integral do valor pago. Aguardo um retorno urgente para resolvermos esta situação de forma amigável, antes que eu precise recorrer a instâncias superiores.",reclamacao,complaint_site_auto,nao resolvida
3c1e73b43e7d,reclameaqui_auto,https://www.reclameaqui.com.br/go-case/produto-consta-como-entregue-embora-nao-tenha-sido-recebido_5tKFdyYYroaBHkx1/,Consumidor RA,2026-04-22,"Produto consta como entregue embora não tenha sido recebido Fiz uma compra de uma garrafa térmica no site da Gocase, pedido ***** e, apesar de constar como entregue desde ontem, 21 de Abril, não recebi o produto. Já verifiquei com todos os vizinhos do meu quarteirão, ninguém recebeu minha encomenda. O Whatsapp da Gocase não funciona e não tem SAC por telefone, o que é um absurdo. Gostaria do ressarcimento do valor pago já que, o atendimento é péssimo e não recebi o produto.",reclamacao,complaint_site_auto,nao resolvida
321a5e9014d5,reclameaqui_auto,https://www.reclameaqui.com.br/go-case/capas-personalizadas-com-defeito-e-pessimo-atendimento-ao-cliente-solicitacao-de-reembolso_tWDnFM9NXNcNczSU/,Consumidor RA,2026-04-22,"Capas personalizadas com defeito e péssimo atendimento ao cliente - Solicitação de Reembolso Comprei 2 capas personalizadas no valor de $61,80, ambas vieram repletas de defeitos, tanto na péssima qualidade da impressão quanto no encaixe no telefone. Contatei a gocase, enviei diversas fotos comprobatórias evidenciando nitidamente os defeitos, e a empresa encerrou o atendimento dizendo que nao ia resolver. Quero meu dinheiro de volta! Já acionei o procon, agora quero ver se vão resolver, caso o procon nao seja suficiente irei processar. Me sinto desrespeitada!!!!",reclamacao,complaint_site_auto,nao resolvida
f569577293b6,reclameaqui_auto,https://www.reclameaqui.com.br/go-case/atraso-de-encomenda_2-yi9aifnGyadKB4/,Consumidor RA,2026-04-22,"ATRASO DE ENCOMENDA Bom dia! Me chamo ***** e fiz um pedido de uma garrafa pelo perfil de minha namorada no dia 09 de abril de 2026 com o prazo de até dia 15 de abril. Até ai tudo certo, porém no dia 13 ""saiu"" para entrega mas disseram que estava com uma inconsistência da transportadora e falando que houve uma falha, abrimos um ticket para ver o que a transportadora me diz e até agora nada! Queria saber alguma maneira de resolver pois a garrafa era um presente e com esse atraso todo não consegui entregar ainda. Irei mandar um print do que a própria empresa da gocase me mandou no whatsApp e o número do pedido para que seja encontrado e meu pedido possa ser entregue. Fico a espera de um possível solução.",reclamacao,complaint_site_auto,nao resolvida
aabee584208d,reclameaqui_auto,https://www.reclameaqui.com.br/go-case/problema-na-alteracao-de-item-personalizado-apos-a-compra-na-gocase-apesar-de-tentativas-dentro-do-prazo-e-seguindo-as-normas_l_na52WAPmwlBD09/,Consumidor RA,2026-04-22,"Problema na alteração de item personalizado após a compra na Gocase, apesar de tentativas dentro do prazo e seguindo as normas. Fiz uma compra de três itens na Gocase, após finalizar a compra as 23:19 eu tentei alterar um item antes da produção do mesmo.O site deu erro, tentei outra maneira pelo WhatsApp e não permitia.Entrei em contato às 23:25 para realizar a troca e não deixava por onde comprei, me passaram o link do site, dava erro, depois fui informada que estava com erro, persisti na alteração, mas sem sucesso.Informaram para entrar em contato com eles dia 22/4 e assim fiz.Agora me falam que não posso trocar porque o item é personalizado e não dá para trocar segundo as normas. Teria de ser em 2 horas após a compra.Não foi falta de tentativa, não foi fora do prazo a tentativa, foi seguindo as normas deles e mesmo assim não aceitam.Estavam conversando comigo no whats e finalizaram o meu atendimento sem satisfação aparente.",reclamacao,complaint_site_auto,nao resolvida
4c322d1717e6,reclameaqui_auto,https://www.reclameaqui.com.br/go-case/atraso-na-entrega-e-informacoes-divergentes_J9F7nv1lkB1h5Apl/,Consumidor RA,2026-04-22,"Atraso na entrega e informações divergentes Realizei o pedido n #*****, com previsão de entrega para o dia 17/04. No próprio dia 17/04, o status do pedido ainda constava como em produção, o que já demonstrava atraso. Diante disso, entrei em contato com o SAC, e fui informada de que o pedido já estava em rota de entrega e que eu receberia naquele mesmo dia. Confiei na informação e aguardei porém, o pedido não foi entregue. Esse pedido era um presente de aniversário, com data específica, e por se tratar de um produto personalizado, acabei ficando sem alternativa. Resultado: fui ao aniversário sem o presente, o que me gerou constrangimento. Hoje, dia 22/04, ainda não recebi o pedido, e ao entrar novamente em contato com o SAC, fui informada de que houve um problema com a transportadora e que o produto ainda será coletado para depois entrar em rota de entrega. Ou seja: no dia 17/04 me informaram que já estava em rota, e agora dizem que nem sequer foi coletado ainda. As informações são totalmente divergentes. Além disso, o atendimento é extremamente falho, com cada contato trazendo uma versão diferente, demonstrando falta de controle e transparência no processo. Ressalto que: - O atraso já ultrapassa 5 dias - O erro é totalmente da empresa - Houve prejuízo e constrangimento, pois o produto tinha data específica - Mesmo assim, a empresa se recusa a oferecer alternativas, alegando que por ser personalizado não pode ser devolvido Diante disso, solicito URGENTEMENTE: 1. Uma posição clara e definitiva sobre o status real do pedido 2. Prazo concreto de entrega (cumprido de fato) 3. Uma solução justa diante do transtorno causado (como reembolso ou outra compensação) Aguardo retorno com urgência.",reclamacao,complaint_site_auto,nao resolvida
faf4412a211b,reclameaqui_auto,https://www.reclameaqui.com.br/go-case/tampa-fragil-e-da-alergia_5R1SDIsJXmSs_-Zs/,Consumidor RA,2026-04-22,"Tampa frágil e da alergia Até tentei dar uma segunda chance para a gocase, quando minha tampa quebrou pela primeira vez com três meses de uso, fiz uma reclamação e ganhei desconto numa nova, apoio muito bom fico feliz. Entretanto a tampa voltou a quebrar no mesmo lugar, e não é como se tivesse caído de uma altura grande, naooo, eu estava lavando ela na pia, caiu da minha mão na pia e quebrou justamente no mesmo lugar que antes. Além disso eu fui na dermatologista por causa de um machucado recorrente na parte superior da boca, e adivinha? Alergia ao plástico da tampa da gocase, inclusive a médica falou que tem sido algo constante, várias paciente apareceram lá com a mesma reclamação",reclamacao,complaint_site_auto,nao resolvida
ba5206d6fbef,reclameaqui_auto,https://www.reclameaqui.com.br/go-case/garrafa-termica-gocase-com-ferrugem-prematura-e-atendimento-ineficiente-apos-expiracao-da-garantia_MDF4EuHAKUJjACA7/,Consumidor RA,2025-12-18,"Garrafa Térmica Gocase com Ferrugem Prematura e Atendimento Ineficiente Após Expiração da Garantia Estou tendo uma experiência extremamente negativa com um produto da Gocase. Recebi em dezembro de 2025 a Garrafa Térmica Urban + Ebook - Banana Nanica, referente ao pedido n *****, entregue em 18/12/2025. Em menos de 4 meses de uso, a garrafa já começou a apresentar ferrugem na parte inferior, o que é totalmente inaceitável para um produto desse tipo. O que mais me incomoda é que: o uso é mínimo (garrafa fica apenas no meu ambiente de trabalho); não utilizo diariamente; a final de cada expediente esvazio, higienizo e seco corretamente após o uso. Ou seja, é um produto com pouquíssimo uso, e mesmo assim já apresenta sinais claros de deterioração. Fica o questionamento: se com uso esporádico já está assim, como estaria com uso diário? Entrei em contato com a empresa, mas o atendimento é totalmente ineficiente, baseado em respostas automáticas que não resolvem o problema e apenas repetem que a garantia expirou (18/03/2026). No entanto, trata-se de um produto durável que apresentou defeito em um período muito curto, o que caracteriza falha de qualidade. Não é razoável que uma garrafa térmica apresente ferrugem com tão pouco tempo de uso e nas condições adequadas de conservação. Diante disso, aguardo uma solução por parte da empresa, seja troca ou outra medida cabível. Experiência extremamente frustrante até o momento.",reclamacao,complaint_site_auto,nao resolvida
e9dbe7b422ca,reclameaqui_auto,https://www.reclameaqui.com.br/go-case/coleira-para-cachorro-recusa-de-troca-de-produto-customizado-e-falta-de-informacao-clara-sobre-politica-de-devolucao_jOIjdrcaJCinfRC2/,Consumidor RA,2026-04-22,"Coleira para cachorro - Recusa de troca de produto customizado e falta de informação clara sobre política de devolução Comprei uma coleira para o meu cachorro pelo site deles e ela ficou grande mesmo com a medição feita antes. Assim, solicitei troca e eles se recusaram, alegando que como era um produto customizado não poderia ter troca ou devolução do dinheiro. Consultei o site de deles antes da compra e não há nenhum aviso claro informando que produtos personalizados não podem ser trocados ou devolvidos. Portanto, essa informação não estava disponível no momento da compra. Nesse sentido, o Código de Defesa do Consumidor garante 7 dias para desistência de qualquer compra feita online, sem exceção prevista em lei para produtos personalizados. Qualquer restrição a esse direito que não tenha sido informada previamente é de forma clara ao consumidor não tem validade. Quero a troca por número menor ou devolução do dinheiro",reclamacao,complaint_site_auto,nao resolvida
59b7d1096776,reclameaqui_auto,https://www.reclameaqui.com.br/go-case/pino-da-tampa-da-minha-marmita-quebrou_6I4Gfa5JrDC2rUSZ/,Consumidor RA,2026-04-22,"Pino da tampa da minha marmita quebrou O pino da tampa da minha marmita quebrou, e eu uso ela não tem nem 1 mês direito!!!! Eu fiz a compra dia 16/03, e chegou poucos dias depois. Eu gosto MUITO da marca mas infelizmente essa já é minha terceira reclamação sobre produtos da gocase. Além do pino da tampa ter quebrado, fazendo com que a tampa não feche mais, a tinta que marca a escrita gocase está saindo muito facilmente na minha mão. Só de passar a mão com detergente já sai, usando o lado amarelo da esponja também. Se eu esfregar com o lado verde vai sair tudo (se bem que já está horrível mesmo a tampa toda manchada, que aliás nem tenho mais como usar).",reclamacao,complaint_site_auto,nao resolvida
7eced38a5645,reclameaqui_auto,https://www.reclameaqui.com.br/go-case/troca-de-produto-com-defeito-com-link-de-nota-fiscal-corrompido-e-atendimento-ineficaz-via-whatsapp_iBfiSQm-vEFXPdlu/,Consumidor RA,2026-04-22,"Troca de produto com defeito com link de nota fiscal corrompido e atendimento ineficaz via WhatsApp Estou com um produto no processo de troca e devolução devido a um defeito, o link da nota fiscal que me foi enviado por email está corrompido e estou tentando entra em contato com site pela whatsapp, porém sem sucesso pois o sistema utilizado por eles não conseguir compreender o que estou solicitando",reclamacao,complaint_site_auto,nao resolvida
c2a639c60fab,reclameaqui_auto,https://www.reclameaqui.com.br/go-case/capinha-veio-marcadariscada_c1Ifox-wb6Z-np5U/,Consumidor RA,2026-04-22,"Capinha veio marcada/riscada Comprei uma capinha para meu celular pela loja oficial da gocase na shopee, chegou tudo certo e guardei ela até o celular chegar.Ontem fui testar a capinha e não achei nenhuma película de proteção nela para remover, está está com marcas e arranhões.Foi um produto caro e pensei que tivesse ao menos uma película protetora na cama. Já fiz de tudo para remover, mas realmente não tem",reclamacao,complaint_site_auto,nao resolvida
12cedf867bb5,reclameaqui_auto,https://www.reclameaqui.com.br/go-case/recusa-de-troca-de-produto-com-estampa-nao-personalizada_ACXKIPH-GYyPaL1M/,Consumidor RA,2026-04-22,"Recusa de troca de produto com estampa não personalizada Fiz a compra de um produto personalizado (com fotos e etc) e outro produto SEM PERSONALIZAÇÃO, com uma estampa que qq um pode comprar. A nova argumentação da Gocase, é que só produtos SEM estampa podem ser trocados. Ou seja, qq produto com estampa eles consideram personalizados, mas isso não é o certo. Produtos personalizados sao os que possuem fotos e nomes. Estak se recusando a trocar. Cada hora é uma regra diferente para dificultar a troca e dificultar o direto do consumidor. Tenham boa fé com os clientes de vcs. Ainda tem a cara de [Editado pelo Reclame Aqui] de oferecer um desconto. Me poupe. Pelo Código de Defesa do Consumidor (CDC), um produto personalizado é aquele feito sob medida ou com características específicas definidas pelo consumidor (fotos e nome próprio), não sendo um item padrão de prateleira. Inclusive tem um print dizendo de uma pessoa da gocase dizendo o que é considerado personalozação. Só quero o justo: a troca.",reclamacao,complaint_site_auto,nao resolvida
f25526359a42,reclameaqui_auto,https://www.reclameaqui.com.br/go-case/garrafa-termica-flip-pro-tampa-fragil-e-indisponivel-para-reposicao_1XcueViNdlZJBTXF/,Consumidor RA,2026-04-21,"Garrafa Térmica Flip Pro: Tampa frágil e indisponível para reposição Fiz a compra de uma Garrafa Térmica Flip Pro + Ebook - Deep Ocean 750ml. A garrafa é excelente e corresponde ao que foi prometido, mas a qualidade da tampa deixou a desejar. Recentemente, um cliente acabou derrubando a garrafa sem intenção, e já nessa primeira queda a tampa se danificou com facilidade, chegando a quebrar. Isso indica que o material não é tão resistente quanto deveria para o uso cotidiano. Outro ponto negativo é que a Go Case não disponibiliza a venda da tampa separadamente, apenas de modelos mais simples. Também busquei na loja oficial da Shopee e não encontrei essa peça para reposição. Dessa forma, acabo ficando com uma garrafa que ainda funciona, mas comprometida, com risco de novos danos e até de prejudicar a conservação da temperatura do líquido.",reclamacao,complaint_site_auto,nao resolvida
b8c596e467c4,reclameaqui_auto,https://www.reclameaqui.com.br/go-case/garrafa-flip-pro-da-gocase-tampa-sem-reposicao-disponivel_qjO7UArUogc7A3pB/,Consumidor RA,2026-04-21,"Garrafa Flip Pro da GoCase: tampa sem reposição disponível Em janeiro de 2026 adquiri uma garrafa Flip Pro (750ml) da GoCase, confiando na qualidade dos produtos, já que sou cliente da marca e possuo outros itens. Recentemente, tive um incidente simples: esbarrei na garrafa sem intenção, e ela caiu. Com isso, o encaixe da tampa quebrou, impossibilitando completamente o uso do produto, já que a tampa não fecha mais. Busquei uma solução diretamente na loja oficial, mas, para minha surpresa, a tampa de reposição está indisponível. O que mais me causa frustração é perceber que modelos mais simples possuem peças disponíveis, enquanto um produto de valor mais elevado não conta com suporte adequado. Sinto-me profundamente decepcionada, pois investi em um produto mais caro esperando maior durabilidade e, principalmente, assistência compatível. Hoje, estou com uma garrafa inutilizada por falta de uma solução simples. Diante disso, solicito uma providência da empresa.",reclamacao,complaint_site_auto,nao resolvida
d66b1105ada2,reclameaqui_auto,https://www.reclameaqui.com.br/go-case/copo-termico-com-defeito-apos-2-meses-de-uso-e-recusa-de-troca-pela-empresa_izuHTq1a-QBNddl9/,Consumidor RA,2026-01-18,"Copo Térmico com Defeito Após 2 Meses de Uso e Recusa de Troca pela Empresa Recebi meu Copo Térmico Life + Ebook - Minimal Bug - ***** no dia 18/01/2026, no dia 27/03/2026 entrei em contato solicitando uma troca por defeito, pois o copo estava retendo líquido dentro do recipiente, conforme eu lavava, deixava pra secar o copo saia um líquido, balançava a garrafa aberta sem tampa e tinha barulho de líquido dentro, inclusive enviei um vídeo mostrando isso, recebi como resposta i! Lamentamos muito por isso. Após analisarmos a evidência enviada, constatamos que o produto apresenta sinais de desgaste pelo uso, e não por falha de qualidade ou erro de produção. Por isso, infelizmente, não poderemos prosseguir com a troca do produto. Entendemos que pode ser uma situação frustrante, mas contamos com a sua compreensão. Se tiver novas dúvidas ou precisar de mais informações, por favor, abra uma nova solicitação. Estamos aqui para ajudar você da melhor forma possível! UM COPO DE 229,90, FOI DESGASTADO EM 2 MESES DE USO? essa é a garantia da empresa?? O copo apresenta defeito com 2 meses de uso e FOI DESGASTE??? Um absurdo, fazem propagandas e propagadas falando da qualidade e durabilidade do produto, pra não darem suporte nenhum ao cliente. O copo está intacto, sem arranhões, amassados ou qualquer parte danificada e a empresa me dá um retorno desses.",reclamacao,complaint_site_auto,nao resolvida
dd07ab7806e3,reclameaqui_auto,https://www.reclameaqui.com.br/go-case/descascamento-da-personalizacao-em-capa-de-celular-apos-uma-semana-de-uso_6tci7rDv6nk9ptNc/,Consumidor RA,2026-04-21,"Descascamento da personalização em capa de celular após uma semana de uso Fiz o meu pedido e recebi no dia 2 de março, usei por apenas 1 semana, e ja descascou a personalização da capinha, comprei duas capas, chegou no dia 2 de março, porém deixei guardadas e comecei a usar no dia 10/04, e hoje 21/04 ja esta descascando, ja quase sem nome, como se fosse feito algo mesmo com pouca qualidade. Gosto dos produtos, as capas de verdade nao amarelo fáceis, porém o que e mais bonito e a personalização e sai muito fácil, fiquei um pouco desapontada. Ainda mais porque era uma capa com o nome do meu filho.",reclamacao,complaint_site_auto,nao resolvida
1cd1202bfcb6,reclameaqui_auto,https://www.reclameaqui.com.br/go-case/impossibilidade-de-comprar-peca-de-reposicao-para-garrafa_1UlFzjQ2mevYkxWb/,Consumidor RA,2026-04-21,"Impossibilidade de comprar peça de reposição para garrafa Entrei em contato com a Gocase, para saber como faço para comprar a borracha que veda a tampa da garrafa mini, pois apesar de ter passado 1 ano a garrafa está nova E fui informado que não tem como comprar, me sinto enganada como consumidora , pois acho que fazem com essa borracha de propósito para ficarmos comprando outra .",reclamacao,complaint_site_auto,nao resolvida
d03c3f985cdd,reclameaqui_auto,https://www.reclameaqui.com.br/go-case/produto-nao-recebido-e-sem-rastreamento_gLLy7Rb0okvBb8tS/,Consumidor RA,2016-03-18,Produto não recebido e sem rastreamento Boa noite Fiz uma compra no dia 18/03/2016 o da data prevista para a chegada no dia 25/03 Porém isso não aconteceu fiz a reclamação várias vezes não tive resposta só com atendente virtual e não com atendente humano os canais de comunicação É restrito ninguém consegue falar com ninguém horrível a falta de consideração pelo consumidor é grande e a falta de responsabilidade é maior ainda depois de muito tempo consegui falar com alguém aí no virtual e a pessoa me disse que chegaria no dia 2 porque é problema com a transportadora Logan então que chegaria no dia 2 essa transportadora entre eles aí não resolver a situação e fiquei no vácuo até hoje reclamei de novo pelo Canal aqui do WhatsApp que foi o único que eu consegui E aí Me falaram que o que o produto tinha sido cancelado sei porque eu não tinha cancelado nada ainda aí me deram uma outra resposta falando que o produto tinha sido não estava mais disponível no site que era para mim escolher outra coisa eu resolvi não escolher outro produto e disse que queria o meu reembolso portanto esse reembolso não aconteceu até hoje né Isso já passou de um mês e aí eu quero saber como resolver essa situação quem vai me devolver esse valor ou se vou ter que procurar outros meios,reclamacao,complaint_site_auto,nao resolvida
0c290166bf8c,reclameaqui_auto,https://www.reclameaqui.com.br/go-case/entrega-de-pedido-gocase-realizada-em-endereco-errado-pela-transportadora-dias-log-com-assinatura-e-recusa-de-responsabilidade-da-empresa_kMZt8p45j7LpJVv4/,Consumidor RA,2026-04-21,"Entrega de Pedido GoCase Realizada em Endereço Errado pela Transportadora Dias Log, com Assinatura [Editado pelo Reclame Aqui] e Recusa de Responsabilidade da Empresa Fiz uma compra na empresa GoCase, pedido número ***** no dia 12 de abril de 2026, com entrega prevista pela transportadora Dias Log até o dia 17 de abril de 2026. Primeiro no próprio dia 17/04 veio mensagem no site da empresa dizendo que não entregaram pois não tinha ninguém para receber. Uma [Editado pelo Reclame Aqui], pois meu prédio tem portaria 24 horas, e nunca tive essa situação. Bom, no dia seguinte entrei em contato com a gocase , eles abriram um protocolo e disseram que iriam entrar em contato com a transportadora para ver o que aconteceu. O erro foi constatado e no site da transportadora colocaram como um erro de conferência. No dia 20/04, no site, disse que a encomenda saiu para entrega, só que para minha surpresa, no final da tarde, disseram que a encomenda tinha chegado, quando liguei para a portaria, o porteiro falou que não chegou nada. Hoje, consultando o site da empresa tem o papel de recebimento da encomenda por uma outra pessoa, que assinou, detalhe, com letra bastão, que a meu ver, nem assinatura isso é, com meu primeiro nome, e um RG totalmente diferente do meu, um absurdo total. Quer dizer, não entregam o produto, e ainda assinam pelo cliente, uma assinatura [Editado pelo Reclame Aqui]. O que está acontecendo?? Olhando no site da Dias Log vi que a entrega foi realizada em outro bairro, completamente diferente do meu, sendo que meu endereço estava correto o tempo todo no site da GoCase, moro em ***** e entregaram meu produto em *****. Que loucura!! E ainda pior, vendo as reclamações aqui pelo reclame aqui, a empresa não se responsabiliza pelo produto? OI?? quer dizer o cliente compra na loja, a empresa manda para o transporte, confiando neles para entregar o produto ao cliente, e eles não se responsabilizam?? Como assim? A culpa é de quem? Do cliente que fez a compra e por um azar do destino, alguém na transportadora se enganou, assinou no lugar do cliente e não entregou.. Uma pena a Go Case estar com essa transportadora agora.. Péssimo, péssimo atendimento!!!! Um problema gravíssimo, já que os produtos dos clientes estão desaparecendo.. Agora abri outro protocolo na GoCase, e me deram um prazo de 5 dias para eles entrarem em contato com a Dias Log e ver o que aconteceu.. Quero meu dinheiro de volta mais rápido possível, senão tomarei medidas judiciais. Em anexo estão prints dos erros da empresa Dias Log, o email da Go case mostrando meu endereço e para qual endereço foi..",reclamacao,complaint_site_auto,nao resolvida
d58989823fdf,reclameaqui_auto,https://www.reclameaqui.com.br/go-case/dificuldade-de-contato-e-falta-de-atualizacao-sobre-o-status-do-pedido-gerando-preocupacao-com-possivel-editado-pelo-reclame-aqui_g4Ed_nMfuRAm_Mtl/,Consumidor RA,2026-04-21,"Dificuldade de contato e falta de atualização sobre o status do pedido, gerando preocupação com possível [Editado pelo Reclame Aqui]. Estou tentando contato há dias e, infelizmente, ainda não consegui falar com um atendente humano. Já busquei suporte pelo WhatsApp, Instagram e e-mail, mas recebo apenas respostas automáticas que não solucionam minha dúvida. Sou cliente e sempre recomendei a marca pela excelente qualidade dos produtos, porém o atendimento está deixando a desejar. Realizei meu pedido no dia 15 de abril. O prazo inicial de entrega era 28 de abril, depois foi alterado para 30 de abril, e desde então não há qualquer atualização sobre o status. No site consta apenas que o pedido foi realizado e que o prazo de produção e postagem é de até 3 dias, o que já foi ultrapassado. A falta total de atualização e de retorno chegou a me gerar preocupação de ter comprado em um site errado ou até de se tratar de um [Editado pelo Reclame Aqui], o que é muito frustrante como cliente que confia e indica a marca. Gostaria, por gentileza, que um atendente verifique meu pedido e me informe se ele será produzido e enviado, e qual o prazo real de entrega.",reclamacao,complaint_site_auto,nao resolvida
